province,region_1
California,Napa Valley
Northern Spain,Toro
California,Knights Valley
Oregon,Willamette Valley
Provence,Bandol
Oregon,Chehalem Mountains
California,Sonoma Coast
Northeastern Italy,Collio
Oregon,Ribbon Ridge
Oregon,Dundee Hills
Southwest France,Madiran
California,Diamond Mountain District
Northern Spain,Ribera del Duero
Southwest France,Cahors
Northern Spain,Rioja
California,Edna Valley
California,Santa Cruz Mountains
Kumeu,Kumeu
California,Santa Lucia Highlands
Washington,Walla Walla Valley (WA)
Bulgaria,Bulgaria
California,Russian River Valley
Tuscany,Brunello di Montalcino
France Other,Vin Mousseux
Washington,Columbia Valley (WA)
Tuscany,Chianti Classico
Galicia,Ribeira Sacra
Andalucia,Jerez
Idaho,Idaho
Rhône Valley,Cornas
California,Mount Veeder
Loire Valley,Sancerre
Loire Valley,Coteaux du Giennois
Washington,Red Mountain
New York,Finger Lakes
Tuscany,Maremma Toscana
Mendoza Province,Mendoza
Burgundy,Chablis
California,Santa Clara Valley
Oregon,Eola-Amity Hills
California,Rutherford
California,St. Helena
Piedmont,Barolo
Alentejo,Alentejo
Champagne,Champagne
Upper Galilee,Upper Galilee
Piedmont,Roero
Beira Atlantico,Beira Atlantico
Veneto,Prosecco
California,Mendocino County
Douro,Douro
Southwest France,Buzet
Southwest France,Côtes de Gascogne
California,Paso Robles
Washington,Yakima Valley
Tejo,Tejo
Mendoza Province,Tupungato
California,Howell Mountain
New York,Hudson River Region
Stellenbosch,Stellenbosch
Mendoza Province,Valle de Uco
Levante,Jumilla
Southwest France,Southwest France
Alentejano,Alentejano
California,Anderson Valley
California,Santa Maria Valley
California,Amador County
Sicily & Sardinia,Etna
California,Adelaida District
California,California
Languedoc-Roussillon,Coteaux du Languedoc Pic Saint Loup
Atalanti Valley,Atalanti Valley
Catalonia,Cava
Florina,Florina
Marchigue,Marchigue
Colchagua Valley,Colchagua Valley
California,Happy Canyon of Santa Barbara
Tuscany,Toscana
California,Livermore Valley
Curicó Valley,Curicó Valley
Rhône Valley,Côtes du Rhône
Maule Valley,Maule Valley
Mendoza Province,Luján de Cuyo
Northern Spain,Valdeorras
Catalonia,Montsant
Washington,Wahluke Slope
Piedmont,Barbaresco
California,Rockpile
Alsace,Alsace
Guerrouane,Guerrouane
California,Fort Ross-Seaview
California,Santa Barbara County
Washington,Horse Heaven Hills
Oregon,McMinnville
Colinele Dobrogei,Colinele Dobrogei
California,Central Coast
California,Carneros
Northern Spain,Cigales
Central Spain,La Mancha
Loire Valley,Crémant de Loire
Mendoza Province,Agrelo
Burgundy,Beaune
Burgundy,Chassagne-Montrachet
California,Coombsville
Northeastern Italy,Alto Adige
Vinho Verde,Vinho Verde
Veneto,Soave Classico
Bordeaux,Graves
California,Monterey County
Burgundy,Santenay
Southwest France,Côtes du Tarn
Burgundy,Pouilly-Fuissé
Southwest France,Jurançon Sec
California,Clear Lake
Veneto,Amarone della Valpolicella Classico
Provence,Côtes de Provence
Mosel,Mosel
Galicia,Rías Baixas
California,Paso Robles Willow Creek District
Rheinhessen,Rheinhessen
Oregon,Umpqua Valley
Württemberg,Württemberg
Burgundy,Pommard
Sicily & Sardinia,Sicilia
Sicily & Sardinia,Terre Siciliane
Ahr,Ahr
California,Dry Creek Valley
British Columbia,Okanagan Valley
Moldova,Moldova
California,Santa Ynez Valley
Rhône Valley,Côtes du Rhône Villages
Rhône Valley,Châteauneuf-du-Pape
California,Alexander Valley
Spain Other,Spain
Sopron,Sopron
California,Sonoma Valley
Bordeaux,Médoc
California,Lodi
Tuscany,Bolgheri
Andalucia,Manzanilla-Sanlúcar de Barrameda
Veneto,Soave
Other,San Juan
Dão,Dão
California,South Coast
Southwest France,Gaillac
Italy Other,Vino Spumante
California,Carmel Valley
Southwest France,Fronton
California,Green Valley
Ontario,Beamsville Bench
Beiras,Beiras
Washington,Columbia Gorge (WA)
California,Sta. Rita Hills
Lisboa,Lisboa
California,Sierra Foothills
Burgundy,Marsannay
Sicily & Sardinia,Noto
Sicily & Sardinia,Vittoria
Burgenland,Burgenland
California,Ben Lomond Mountain
Rheingau,Rheingau
Nahe,Nahe
Northeastern Italy,Vigneti delle Dolomiti
California,Arroyo Seco
Burgundy,Côtes de Nuits Villages
South Australia,Adelaide Hills
Piedmont,Barbera d'Asti Superiore
California,Oak Knoll District
Piedmont,Barbera d'Alba
Oregon,Rogue Valley
Oregon,Oregon
Victoria,Yarra Valley
Loire Valley,Pouilly-Fumé
California,Arroyo Grande Valley
North Dalmatia,North Dalmatia
California,Carneros-Napa Valley
Central Spain,Vino de la Tierra de Castilla
California,Moon Mountain District Sonoma County
Thracian Valley,Thracian Valley
Goriska Brda,Goriska Brda
Other,Argentina
Western Cape,Western Cape
Southwest France,Bergerac Rosé
Southwest France,Côtes du Lot
Overberg,Overberg
Robertson,Robertson
Galilee,Galilee
Catalonia,Priorat
Cachapoal Valley,Cachapoal Valley
Terras do Dão,Terras do Dão
Leyda Valley,Leyda Valley
Bordeaux,Pessac-Léognan
Bordeaux,Bordeaux Supérieur
California,Calistoga
Bordeaux,Bordeaux
South Australia,McLaren Vale
Peumo,Peumo
New York,North Fork of Long Island
California,Lake County
Loire Valley,Cour-Cheverny
Burgundy,Aloxe-Corton
Tuscany,Vino Nobile di Montepulciano
Piedmont,Alta Langa
Italy Other,Vino da Tavola
Piedmont,Langhe
Provence,Côtes de Provence Sainte-Victoire
Provence,Côtes de Provence La Londe
Catalonia,Penedès
Baden,Baden
Lombardy,Valtellina Superiore
California,Oakville
Peloponnese,Peloponnese
California,Mendocino
Tasmania,Tasmania
Bairrada,Bairrada
Southwest France,Côtes de Bergerac
Portuguese Table Wine,Portuguese Table Wine
Northeastern Italy,Venezia Giulia
Beaujolais,Morgon
Península de Setúbal,Península de Setúbal
Lombardy,Lugana
Aconcagua Valley,Aconcagua Valley
California,Sonoma Mountain
Virginia,Virginia
Other,Cafayate
Other,Alto Valle del Río Negro
Dealurile Munteniei,Dealurile Munteniei
Washington,Naches Heights
New York,Long Island
California,Sonoma County
Burgundy,Mercurey
California,San Luis Obispo County
Nashik,Nashik
Burgundy,Saint-Aubin
California,Spring Mountain District
Niederösterreich,Niederösterreich
Marlborough,Marlborough
Central Otago,Central Otago
Thermenregion,Thermenregion
Burgundy,Puligny-Montrachet
Palmela,Palmela
Bordeaux,Margaux
Northern Spain,Navarra
New York,Cayuga Lake
Rhône Valley,Collines Rhôdaniennes
New York,New York
Veneto,Veronese
Beira Interior,Beira Interior
Washington,Washington
Catalonia,Terra Alta
Tuscany,Bolgheri Superiore
Northern Spain,Campo de Borja
Southwest France,Côtes du Marmandais
Southwest France,Jurançon
Lombardy,Terrazze Retiche di Sondrio
Port,Port
Casablanca Valley,Casablanca Valley
Oregon,Applegate Valley
Burgundy,Gevrey-Chambertin
Bordeaux,Saint-Émilion
Burgundy,Volnay
Central Spain,Valdepeñas
Mendoza Province,Uco Valley
Loire Valley,Muscadet Sèvre et Maine
Tokaji,Tokaji
California,Shenandoah Valley (CA)
California,Temecula Valley
Franken,Franken
California,Mendocino Ridge
Burgundy,Bourgogne Hautes Côtes de Beaune
California,Ballard Canyon
France Other,Vin de France
Andalucia,Vino de la Tierra de Cádiz
Southwest France,Monbazillac
Southwest France,Montravel
Northern Spain,Bierzo
Martinborough,Martinborough
Southwest France,Pacherenc du Vic Bilh
Wagram,Wagram
Kamptal,Kamptal
Other,La Rioja
South Africa,South Africa
Washington,Snipes Mountain
California,Calaveras County
Rapel Valley,Rapel Valley
Bordeaux,Sauternes
California,Mt. Harlan
Bordeaux,Fronsac
Maipo Valley,Maipo Valley
Southwest France,Bergerac Sec
Hvar,Hvar
Loire Valley,Vouvray
California,El Dorado
Bordeaux,Bordeaux Rosé
Burgundy,Savigny-lès-Beaune
Southern Italy,Taurasi
Carnuntum,Carnuntum
Judean Hills,Judean Hills
Piedmont,Coste della Sesia
Bordeaux,Cadillac Côtes de Bordeaux
Bordeaux,Blaye Côtes de Bordeaux
Washington,Lake Chelan
Elqui Valley,Elqui Valley
Beaujolais,Brouilly
California,Yountville
Rhône Valley,Costières de Nîmes
San Antonio,San Antonio
Loire Valley,Chinon
Pfalz,Pfalz
South Australia,Barossa Valley
Victoria,Nagambie Lakes
Southwest France,Saint-Mont
California,Chalone
Eisenberg,Eisenberg
Southern Italy,Aglianico del Vulture
Oregon,Columbia Gorge (OR)
Oregon,Elkton Oregon
Istria,Istria
Ankara,Ankara
California,Mendocino-Lake
Štajerska,Štajerska
California,Paicines
Moscatel de Setúbal,Moscatel de Setúbal
California,Pine Mountain-Cloverdale Peak
Northern Spain,Somontano
California,Cienega Valley
California,Yorkville Highlands
Catalonia,Conca de Barberà
California,Dunnigan Hills
Loire Valley,Châteaumeillant
Loire Valley,Saumur
Bordeaux,Côtes de Bourg
California,Clements Hills
California,North Coast
Washington,Rattlesnake Hills
Moscatel do Douro,Moscatel do Douro
Samson,Samson
Wachau,Wachau
California,Sonoma-Napa
Southern Italy,Campania
California,Atlas Peak
Burgundy,Crémant de Bourgogne
France Other,Mediterranée
Southern Italy,Sannio
Southern Italy,Falanghina del Sannio
Tikves,Tikves
Lebanon,Lebanon
California,Marin County
Ontario,Niagara Peninsula
California,Yolo County
California,Bennett Valley
Kremstal,Kremstal
Virginia,Monticello
Bordeaux,Bordeaux Blanc
Rhône Valley,Tavel
France Other,Vin de Savoie
Župa,Župa
Piedmont,Nebbiolo d'Alba
Piedmont,Colline Novaresi
Southern Italy,Fiano di Avellino
Oregon,Columbia Valley (OR)
Provence,Coteaux Varois en Provence
Vienna,Vienna
Southern Italy,Greco di Tufo
Sicily & Sardinia,Cerasuolo di Vittoria Classico
Morocco,Morocco
California,Napa
California,Chalk Hill
California,Placer County
Piedmont,Barbera d'Alba Superiore
California,Monterey
Burgundy,Rully
South Australia,South Australia
South Australia,Eden Valley
South Australia,Langhorne Creek
Bordeaux,Pauillac
Northern Spain,Vino de la Tierra de Castilla y León
Hawke's Bay,Hawke's Bay
Burgundy,Nuits-St.-Georges
Juanico,Juanico
Montevideo,Montevideo
Kras,Kras
Rhône Valley,Luberon
Burgundy,Saint-Romain
Northeastern Italy,Alto Adige Terlano
Beaujolais,Juliénas
Colorado,Grand Valley
Dolenjska,Dolenjska
Colorado,Colorado
Arizona,Cochise County
America,America
Sicily & Sardinia,Cannonau di Sardegna
Bío Bío Valley,Bío Bío Valley
Victoria,Victoria
Catalonia,Catalunya
Catalonia,Alella
Weinland Österreich,Weinland Österreich
California,Templeton Gap District
Weinviertel,Weinviertel
Tuscany,Colli della Toscana Centrale
Washington,Ancient Lakes
California,Red Hills Lake County
Bekaa Valley,Bekaa Valley
Aegean,Aegean
Central Italy,Lambrusco di Sorbara
Northeastern Italy,Trentino
Galil,Galil
Northern Spain,Cariñena
Burgundy,Meursault
California,Clarksburg
Aconcagua Costa,Aconcagua Costa
Recas,Recas
Turkey,Turkey
California,Fair Play
Bucelas,Bucelas
Chalkidiki,Chalkidiki
California,Humboldt County
Northeastern Italy,Alto Adige Valle Isarco
Veneto,Prosecco di Valdobbiadene Superiore
Australia Other,Australia
Jerusalem Hills,Jerusalem Hills
Loire Valley,Muscadet
Loire Valley,Touraine
Other,Salta
South Australia,Barossa
Loire Valley,Reuilly
Loire Valley,Menetou-Salon
Loire Valley,Quincy
Other,Patagonia
California,Temecula
Southwest France,Marcillac
Burgundy,Montagny
Arizona,Arizona
Bordeaux,Lussac Saint-Émilion
California,Contra Costa County
Bordeaux,Saint-Estèphe
Tuscany,Vin Santo del Chianti Classico
Tuscany,Vin Santo del Chianti Rufina
Levante,Alicante
Burgundy,Meursault-Blagny
Tuscany,Rosso di Toscana
Sicily & Sardinia,Valli di Porto Pino
Santorini,Santorini
Ilia,Ilia
Sicily & Sardinia,Alcamo
South Australia,Wrattonbully
Valais,Valais
Loire Valley,Anjou
North Carolina,Swan Creek
Oregon,Southern Oregon
Provence,Coteaux d'Aix-en-Provence
Zenata,Zenata
California,Redwood Valley
Northern Spain,Getariako Txakolina
Southern Italy,Costa d'Amalfi
Corinth,Corinth
Sicily & Sardinia,Eloro
Piedmont,Barbera d'Asti
Burgundy,Bourgogne
California,Santa Barbara
Vipavska Dolina,Vipavska Dolina
Bordeaux,Castillon Côtes de Bordeaux
Nemea,Nemea
Southwest France,Saussignac
California,Los Carneros
South Australia,Clare Valley
Veneto,Soave Classico Superiore
Burgundy,Saint-Véran
Western Australia,Western Australia
Korčula,Korčula
Other,Tulum Valley
California,Nevada County
California,Napa County
Mendoza Province,Maipú
Levante,Utiel-Requena
Macedonia,Macedonia
Levante,Vino de la Tierra de Castelló
Mendoza Province,Mendoza Province
Southwest France,Bergerac
California,Fiddletown
Minho,Minho
Viile Timisului,Viile Timisului
Pangeon,Pangeon
Southern Italy,Puglia
Southern Italy,Irpinia
Burgundy,Mâcon-Lugny
Romania,Romania
Galicia,Monterrei
Provence,Var
Central Italy,Lambrusco Grasparossa di Castelvetro
Limarí Valley,Limarí Valley
Tuscany,Pomino
Southwest France,Landes
Central Greece,Central Greece
Central Valley,Central Valley
Alenteo,Alenteo
Mendoza Province,La Consulta
Tuscany,Chianti Rufina
Southwest France,Irrouléguy
Other,Calchaquí Valley
Loire Valley,Val de Loire
Levante,Valencia
Northeastern Italy,Isonzo del Friuli
California,Potter Valley
Chile,Chile
Sicily & Sardinia,Faro
Central Spain,Dominio de Valdepusa
Loire Valley,Cabernet d'Anjou
New South Wales,Riverina
Primorska,Primorska
New York,Seneca Lake
Slovenia,Slovenia
California,High Valley
Awatere Valley,Awatere Valley
Progreso,Progreso
California,San Benito County
Retsina,Retsina
Apalta,Apalta
South Australia,Limestone Coast
Burgundy,Saint-Bris
San Clemente,San Clemente
Languedoc-Roussillon,Sable de Camargue
Dealu Mare,Dealu Mare
Virginia,Shenandoah Valley
Veneto,Soave Colli Scaligeri
Alenquer,Alenquer
California,San Luis Obispo
Northern Spain,Rueda
Virginia,Middleburg
Languedoc-Roussillon,Pays d'Oc
Shomron,Shomron
Loire Valley,Bourgueil
Nelson,Nelson
North Carolina,North Carolina
North Carolina,Yadkin Valley
Burgundy,Corton
Tuscany,Chianti Superiore
Sicily & Sardinia,Erice
California,Suisun Valley
Haut-Judeé,Haut-Judeé
South Australia,Fleurieu Peninsula
Tuscany,Chianti
California,Monterey-Santa Barbara
Burgundy,Corton Vergennes
Burgundy,Corton-Rognet
Rhône Valley,Hermitage
California,San Bernabe
Drama,Drama
Veneto,Soave Superiore
California,Stags Leap District
Northeastern Italy,Friuli Grave
Northern Spain,Calatayud
Rhône Valley,Lirac
Rhône Valley,Condrieu
Burgundy,Chambolle-Musigny
Burgundy,Vosne-Romanée
Australia Other,South Eastern Australia
Tuscany,Colli Etruria Centrale
Tuscany,Carmignano
Sicily & Sardinia,Isola dei Nuraghi
Bordeaux,Haut-Médoc
France Other,Vin de Pays de la Méditerranée
Northeastern Italy,Venezie
Burgundy,Côte de Nuits-Villages
Southern Italy,Roccamonfina
Gisborne,Gisborne
Burgundy,Chevalier-Montrachet
Burgundy,Chambertin
Burgundy,Romanée-St.-Vivant
France Other,Charentais
Terasele Dunarii,Terasele Dunarii
Uruguay,Uruguay
California,Northern Sonoma
Bordeaux,Lalande de Pomerol
Serra Gaúcha,Serra Gaúcha
Southwest France,Côtes de Duras
Galicia,Ribeiro
Bordeaux,Francs Côtes de Bordeaux
Rhône Valley,Gigondas
Sicily & Sardinia,Contessa Entellina
Western Australia,Great Southern
South Australia,Coonawarra
Burgundy,Côte Chalonnaise
Burgundy,Coteaux Bourguignons
Lontué Valley,Lontué Valley
Southern Italy,Colli di Salerno
Rhône Valley,Saint-Joseph
Veneto,Valpolicella Classico Superiore Ripasso
Veneto,Valpolicella Superiore Ripasso
New Mexico,New Mexico
Northern Spain,Vino de Calidad de Valtiendas
Central Italy,Colli Aprutini
Central Italy,Rubicone
Beaujolais,Chiroubles
Southern Italy,Salento
Lolol Valley,Lolol Valley
Alsace,Crémant d'Alsace
Piedmont,Barbera di Piemonte
Piedmont,Barbera d'Asti Superiore Nizza
Piedmont,Dogliani
Sicily & Sardinia,Contea di Sclafani
Central Italy,Rosso Piceno
Central Italy,Terre di Chieti
Central Italy,Sangiovese di Romagna
Central Italy,Offida Passerina
Central Italy,Montepulciano d'Abruzzo
Missouri,Missouri
Wagram-Donauland,Wagram-Donauland
Southern Italy,Primitivo di Manduria
Southern Italy,Salice Salentino
Beaujolais,Chénas
Southwest France,Comté Toulosan
Beaujolais,Fleurie
Southern Italy,Cirò
Central Spain,Manchuela
Northern Spain,Tierra del Viños de Zamora
Spanish Islands,Vi de la Terra Mallorca
Burgundy,Bourgogne Aligoté
Central Italy,Rosso Conero
Central Italy,Lazio
Central Italy,Orvieto
Curicó and Leyda Valleys,Curicó and Leyda Valleys
Loncomilla Valley,Loncomilla Valley
California,San Pasqual
Oregon,Walla Walla Valley (OR)
California,Monterey County-Napa County-Sonoma County
Thrace,Thrace
California,Ventura County
Central Italy,Umbria
Oregon,Yamhill-Carlton District
California,Napa-Sonoma
Loire Valley,Savennières
Swartland,Swartland
Burgundy,Pernand-Vergelesses
Oregon,Oregon Other
Central Italy,Verdicchio dei Castelli di Jesi Classico
Central Italy,Frascati Superiore
Central Italy,Sagrantino di Montefalco
Western Australia,Margaret River
Andalucia,Montilla-Moriles
Rhône Valley,Ventoux
Sicily & Sardinia,Cerasuolo di Vittoria
Southwest France,Lot
Southern Italy,Sant' Agata dei Goti
Burgundy,Monthélie
Burgundy,Mâcon-Chardonnay
Rhône Valley,Vin de Pays des Collines Rhodaniennes
Central Spain,Mentrida
Central Italy,Lambrusco Reggiano
Central Italy,Colli Piacentini
Mendoza Province,Perdriel
Southern Italy,Val di Neto
Beaujolais,Côte de Brouilly
Beaujolais,Beaujolais
Beaujolais,Régnié
Loire Valley,Coteaux du Layon
Burgundy,Morey-Saint-Denis
Central Italy,Marche
Sicily & Sardinia,Vermentino di Sardegna
Casablanca & Leyda Valleys,Casablanca & Leyda Valleys
Central Italy,Verdicchio dei Castelli di Jesi
Other,Jujuy
Mittelburgenland,Mittelburgenland
Southern Italy,Epomeo
Central Italy,Trebbiano d'Abruzzo
Beaujolais,Beaujolais-Villages
Southern Italy,Basilicata
Loire Valley,Coteaux du Layon Beaulieu
Other,Neuquén
Southern Italy,Campi Flegrei
Südsteiermark,Südsteiermark
Northeastern Italy,Delle Venezie
Southern Italy,Terre del Volturno
Pirque,Pirque
Rhône Valley,Vacqueyras
France Other,Arbois
Tuscany,Montescudaio
Tuscany,Chianti Colli Fiorentini
Tuscany,Sant'Antimo
Tuscany,Chianti Montalbano
Tuscany,Vin Santo di Carmignano
Simonsberg-Stellenbosch,Simonsberg-Stellenbosch
Central Italy,Sangiovese di Romagna Superiore
Central Italy,Circeo
Central Italy,Orvieto Classico
Southern Italy,Aglianico del Taburno
Sicily & Sardinia,Salina
California,Napa County-Sonoma County-San Joaquin County
Loire Valley,Touraine Amboise
Canterbury,Canterbury
South Australia,Clare Valley-Coonawarra
Veneto,Amarone della Valpolicella
Provence,Provence
Central Italy,Lambrusco dell'Emilia
Choapa Valley,Choapa Valley
Mantinia,Mantinia
Burgundy,Mâcon-Vinzelles
Tuscany,Rosso di Montepulciano
Bordeaux,Montagne-Saint-Émilion
Tuscany,Rosso di Montalcino
Tuscany,Vernaccia di San Gimignano
Veneto,Valpolicella Superiore
Tuscany,Morellino di Scansano
Catalonia,Pla de Bages
Duriense,Duriense
Negev,Negev
Walker Bay,Walker Bay
Paarl,Paarl
Veneto,Conegliano Valdobbiadene Prosecco Superiore
Setubal,Setubal
Veneto,Valpolicella Classico Superiore
Beaujolais,Beaujolais Blanc
Central Spain,Almansa
Provence,Coteaux Varois
Northeastern Italy,Friuli Isonzo
Algarve,Algarve
Provence,Vin de Pays Var
Coastal Region,Coastal Region
Commandaria,Commandaria
Jonkershoek Valley,Jonkershoek Valley
California,San Francisco Bay-Livermore Valley
California,Sonoma-Napa-Lake
California,Napa-Carneros
Kathikas,Kathikas
Beaujolais,Saint-Amour
Burgundy,Auxey-Duresses
Dan,Dan
Central Spain,Vinos de Madrid
Rhône Valley,Vin de Pays du Gard
Veneto,Valpolicella Ripasso
Veneto,Valpolicella Ripasso Valpantena
Mendoza Province,San Rafael
California,Cole Ranch
Central Italy,Torgiano
Veneto,Veneto
Rhône Valley,Crozes-Hermitage
Bordeaux,Saint-Julien
Beaujolais,Moulin-à-Vent
Beaujolais,Beaujolais Rosé
Sicily & Sardinia,Monica di Sardegna
Ribatejo,Ribatejo
Veneto,Rosso del Veronese
Piedmont,Moscato d'Asti
Tuscany,Maremma
Victoria,Bendigo
Languedoc-Roussillon,Vin de Pays d'Oc
Languedoc-Roussillon,Crémant de Limoux
Elgin,Elgin
Northeastern Italy,Colli Orientali del Friuli
Polkadraai Hills,Polkadraai Hills
Simonsberg-Paarl,Simonsberg-Paarl
Mosel-Saar-Ruwer,Mosel-Saar-Ruwer
Languedoc-Roussillon,Maury
Österreichischer Sekt,Österreichischer Sekt
Levante,Yecla
Crete,Crete
South Australia,Adelaide
Veneto,Prosecco di Conegliano e Valdobbiadene
Veneto,Prosecco del Veneto
Veneto,Prosecco di Conegliano
Veneto,Prosecco di Valdobbiadene
Südoststeiermark,Südoststeiermark
Languedoc-Roussillon,Coteaux du Languedoc
Waipara,Waipara
Sicily & Sardinia,Carignano del Sulcis
Languedoc-Roussillon,Rivesaltes
Languedoc-Roussillon,Corbières-Boutenac
Southern Italy,Falerno del Massico
Western Australia,Frankland River
South Australia,Lenswood
Victoria,Mornington Peninsula
Washington,Chelan County
Malgas,Malgas
Rhône Valley,Rasteau
Languedoc-Roussillon,Banyuls
Piedmont,Dolcetto d'Alba
Mendoza Province,Vista Flores
New South Wales,Hunter Valley
Styria,Styria
Donauland,Donauland
Rapsani,Rapsani
Opuntia Locris,Opuntia Locris
Samos,Samos
Vin de Pays de Macédoine,Vin de Pays de Macédoine
Greece,Greece
Halkidiki,Halkidiki
Attica,Attica
Cephalonia,Cephalonia
Mount Athos,Mount Athos
Loire Valley,Vin de Pays du Val de Loire
Vinho Espumante de Qualidade,Vinho Espumante de Qualidade
New York,Lake Erie
Northern Spain,Arribes del Duero
California,Sonoma County-Monterey County-Santa Barbara County
California,Anderson Valley-Sonoma County-Cole Ranch
Neusiedlersee-Hügelland,Neusiedlersee-Hügelland
Tuscany,Tuscany
Portugal,Portugal
Central Spain,Tierra de Castilla
Traisental,Traisental
Southern Italy,Leverano
Austria,Austria
Bot River,Bot River
South Australia,Clarendon
Sicily & Sardinia,Sardinia
South Australia,Piccadilly Valley
Bordeaux,Entre-Deux-Mers
France Other,France
Piedmont,Monferrato
Northeastern Italy,Teroldego Rotaliano
Languedoc-Roussillon,Limoux
Piedmont,Dolcetto di Dogliani
Wellington,Wellington
Languedoc-Roussillon,Cabardes
Villány,Villány
Rhône Valley,Muscat de Beaumes de Venise
New South Wales,New South Wales
Central Italy,Verdicchio dei Castelli di Jesi Classico Superiore
California,Napa-Mendocino-Sonoma
Piedmont,Gavi
California,Napa-Mendocino-Sonoma-Marin
California,Alta Mesa
Languedoc-Roussillon,Languedoc
Sicily & Sardinia,Alghero
Southern Italy,Aglianico del Beneventano
Neusiedlersee,Neusiedlersee
Piedmont,Dolcetto di Dogliani Superiore
Northeastern Italy,Trentino Superiore
Southern Italy,Primitivo del Tarantino
Piedmont,Gavi di Gavi
Victoria,King Valley
California,Chiles Valley
Epanomi,Epanomi
Languedoc-Roussillon,Minervois
Korinthia,Korinthia
Hungary,Hungary
Loire Valley,Savennières-Coulée de Serrant
Piedmont,Diano d'Alba
Loire Valley,Savennières-Roche-Aux-Moines
Piedmont,Roero Arneis
Sicily & Sardinia,Vermentino di Gallura
Languedoc-Roussillon,Corbières
Lithuania,Lithuania
Sicily & Sardinia,Romangia
Languedoc-Roussillon,Saint-Chinian
Breedekloof,Breedekloof
Kyoto,Kyoto
Southern Italy,Murgia
Franschhoek,Franschhoek
Southwest France,Vin de Pays des Côtes de Gascogne
California,El Dorado County
Mendoza Province,Alto Valle de Uco
Other,Famatina Valley
Ontario,St. David's Bench
California,Napa County-Sonoma County
Sicily & Sardinia,Marsala
Veneto,Bardolino Classico Superiore
Thraki,Thraki
Oregon,Yamhill County
Central Spain,Ribera del Guadiana
Jiri Valley,Jiri Valley
Sicily & Sardinia,Nuragus di Cagliari
Languedoc-Roussillon,Vin de Pays Cité de Carcassonne
Central Italy,Castelli Romani
Veneto,Bardolino Classico
Veneto,Custoza
Cape Agulhas,Cape Agulhas
Southwest France,Vin de Pays du Lot
Massachusetts,Southeastern New England
Veneto,Arcole
Naoussa,Naoussa
Lombardy,Oltrepò Pavese
Veneto,Custoza Superiore
New Jersey,New Jersey
Southwest France,Vin de Pays du Comté Tolosan
Southwest France,Pécharmant
Veneto,Lison-Pramaggiore
California,Monterey-Santa Cruz
Puente Alto,Puente Alto
Klein River,Klein River
Buin,Buin
Veneto,Bardolino
Languedoc-Roussillon,Vin de Pays de L'Herault
Central Italy,Controguerra
Central Italy,Falerio dei Colli Ascolani
Mavrodaphne of Patras,Mavrodaphne of Patras
Central Italy,Montepulciano d'Abruzzo Colline Teramane
Ilias,Ilias
Veneto,Valdadige
Central Italy,Conero
France Other,Vin de Table Francais
Central Italy,Abruzzo
Veneto,Bardolino Chiaretto
Central Italy,Montepulciano d'Abruzzo Cerasuolo
Southern Italy,Castel del Monte
Southern Italy,Calabria
Languedoc-Roussillon,Côtes du Roussillon Villages
Languedoc-Roussillon,Côtes du Roussillon
Southern Italy,Primitivo del Salento
Central Italy,Montefalco Rosso
California,Guenoc Valley
Távora-Varosa,Távora-Varosa
Victoria,Rutherglen
Requinoa,Requinoa
Southern Italy,Terra degli Osci
France Other,Corse
Central Italy,Colline Pescaresi
Central Italy,Cerasuolo d'Abruzzo
Southern Italy,Molise
California,York Mountain
Southern Italy,Tarantino
Languedoc-Roussillon,Vin de Pays des Coteaux de Peyriac
Languedoc-Roussillon,Terrasses du Larzac
Southern Italy,Lacryma Christi del Vesuvio
Colares,Colares
Languedoc-Roussillon,Vin de Pays des Collines de la Moure
Veneto,Amarone della Valpolicella Valpantena
Central Italy,Lacrima di Morro d'Alba
New South Wales,Orange
Veneto,Valpolicella Ripasso Classico
Bordeaux,Pomerol
Bordeaux,Barsac
Veneto,Valpolicella Ripasso Valpantena Superiore
Northern Spain,Tierra de León
Bordeaux,Moulis-en-Médoc
Veneto,Valpolicella
Bordeaux,Listrac-Médoc
Veneto,Valpolicella Classico
Veneto,Valpolicella Valpantena Superiore
Central Spain,Uclés
California,Sonoma County-Santa Barbara County
Ohio,Grand River Valley
Constantia,Constantia
Sicily & Sardinia,Passito di Pantelleria
Northeastern Italy,Friuli
Central Italy,Albana di Romagna
Tuscany,Moscadello di Montalcino
Veneto,Recioto di Soave
Central Italy,Orvieto Classico Superiore
Other,Río Negro Valley
Veneto,Recioto di Soave Classico
Piedmont,Piedmont
Veneto,Recioto della Valpolicella Classico
Peljesac,Peljesac
Australia Other,Central Ranges
Burgundy,Mâcon-Cruzille
Elazığ,Elazığ
Sebes,Sebes
Burgundy,Givry
Tuscany,Vin Santo del Chianti
Piedmont,Loazzolo
Tuscany,Cortona
Veneto,Valdobbiadene Superiore di Cartizze
Piedmont,Strevi
Veneto,Recioto della Valpolicella
Veneto,Recioto della Valpolicella Valpantena
Burgundy,Bourgogne Hautes Côtes de Nuits
Sicily & Sardinia,Malvasia delle Lipari
Burgundy,Chorey-lès-Beaune
Ukraine,Ukraine
California,San Francisco Bay
Burgundy,Vin de Pays de Sainte-Marie la Blanche
Tuscany,Montecucco
Sicily & Sardinia,Moscato di Noto
Piedmont,Asti
Durbanville,Durbanville
South Australia,McLaren Vale-Adelaide Hills
Burgundy,Fixin
California,San Antonio Valley
Veneto,Colli Euganei
Veneto,Monti Lessini
Vinho da Mesa,Vinho da Mesa
Burgundy,Côte de Beaune
Tuscany,Bolgheri Sassicaia
Loire Valley,Montlouis-sur-Loire
Wairau Valley,Wairau Valley
Terras do Sado,Terras do Sado
Spanish Islands,Vi de la Terra Illes Balears
Israel,Israel
Bordeaux,Premieres Côtes de Bordeaux
Northern Spain,Empordà
France Other,Vin de Liqueur
Burgundy,Mâcon-Pierreclos
Sicily & Sardinia,Menfi
Languedoc-Roussillon,Vin de Pays du Val de Cesse
Sicily & Sardinia,Monreale
Tuscany,San Gimignano
Sicily & Sardinia,Vittoria Frappato
New York,"The Hamptons, Long Island"
Ontario,Niagara-On-The-Lake
France Other,Vin de Pays de France
Michigan,Michigan
France Other,Vin de Pays Vignobles de France
Burgundy,Mâcon-Villages
Michigan,Old Mission Peninsula
Texas,Texas
Catalonia,Costers del Segre
California,Mokelumne River
Southwest France,Gaillac Doux
Provence,Les Baux de Provence
Lombardy,Franciacorta
Veneto,Valdobbiadene Prosecco Superiore
Loire Valley,Muscadet Sèvre et Maine Clisson
Burgundy,Mâcon
Andalucia,Málaga
Northeastern Italy,Trento
Burgundy,Viré-Clessé
California,San Luis Obispo-Sonoma-Monterey
Northwestern Italy,Valle d'Aosta
Loire Valley,Muscadet Côtes de Grandlieu
Piedmont,Erbaluce di Caluso
Hemel en Aarde,Hemel en Aarde
California,Sonoma
Southern Italy,Beneventano
Burgundy,Mâcon-Uchizy
Southern Italy,Catalanesca del Monte Somma
Burgundy,Bourgogne Epineuil
Piedmont,Ghemme
England,England
Piedmont,Dolcetto di Diano d'Alba
Northeastern Italy,Friuli Venezia Giulia
Burgundy,Corton Les Lolières
California,Capay Valley
Tuscany,Chianti Montespertoli
Tuscany,Chianti Colli Senesi
Central Italy,Romagna
California,Sonoma County-Napa County
Burgundy,Corton-Charlemagne
Burgundy,Bâtard-Montrachet
Piedmont,Gattinara
Rhône Valley,Côte Rôtie
Central Italy,Emilia
Valle de Guadalupe,Valle de Guadalupe
Tokaj,Tokaj
Wiener Gemischter Satz,Wiener Gemischter Satz
Burgundy,Pouilly-Loché
Burgundy,Mâcon-Fuissé
Veneto,Prosecco Treviso
Veneto,Montello e Colli Asolani
Burgundy,Ladoix
Imathia,Imathia
Burgundy,Clos de Vougeot
Languedoc-Roussillon,Côtes du Roussillon Villages Tautavel
Malleco,Malleco
Northeastern Italy,Mitterberg
Burgundy,Mâcon La Roche Vineuse
Tuscany,Val di Cornia Suvereto
Kakheti,Kakheti
Languedoc-Roussillon,Vin de Pays des Côtes Catalanes
Tuscany,Alta Valle della Greve
Brda,Brda
South Australia,Clare Valley-Eden Valley
Piedmont,Dogliani Superiore
Tuscany,Costa Toscana
Vin de Pays de Velvendo,Vin de Pays de Velvendo
Waiheke Island,Waiheke Island
Southern Italy,Ischia
Piedmont,Brachetto d'Acqui
Central Italy,Lambrusco di Modena
Tuscany,Monteregio di Massa Marittima
Burgundy,Mâcon Solutré
Washington,Puget Sound
Piedmont,Ruché di Castagnole Monferrato
Loire Valley,Saint-Nicolas-de-Bourgueil
Southern Italy,Pompeiano
Central Italy,Emilia-Romagna
Burgundy,Mâcon-Azé
Burgundy,Pouilly-Vinzelles
California,San Lucas
Bordeaux,Crémant de Bordeaux
Burgundy,Mâcon-Vergisson
Veneto,Venezia
New Jersey,Outer Coastal Plain
Italy Other,Italy
Southern Italy,Galluccio
France Other,Vin de Pays des Portes de Méditerranée
Central Italy,Colli Pesaresi
Central Italy,Cesanese del Piglio
Amyndeon,Amyndeon
Burgundy,Mâcon-Davayé
Burgundy,Mâcon-Loché
Transmontanas,Transmontanas
Northern Spain,Vino de la Tierra Ribera del Gállego-Cinco Villas
Vinho Espumante,Vinho Espumante
Croatia,Croatia
Lemnos,Lemnos
Languedoc-Roussillon,Muscat de Saint-Jean de Minervois
Beaujolais,Coteaux du Lyonnais
California,Sonoma-Napa-Mendocino
Krk,Krk
Lombardy,Curtefranca
France Other,Ile de Beauté
Terras da Beira,Terras da Beira
Tuscany,Colline Lucchesi
Central Italy,Montefalco Sagrantino
Languedoc-Roussillon,Côtes de Thongue
Valle de Guadalupe and Santo Tomás,Valle de Guadalupe and Santo Tomás
Levante,Alicante-Marina Alta
Northwestern Italy,Colli di Luni
Bordeaux,Premieres Côtes de Blaye
Central Italy,Offida Pecorino
South Australia,Padthaway
Languedoc-Roussillon,Minervois La Liviniere
Provence,Coteaux de Verdon
Western Australia,Pemberton
Georgia,Georgia
Veneto,Piave
Rapel Valley-Casablanca Valley,Rapel Valley-Casablanca Valley
Central Italy,Colli Bolognesi
Languedoc-Roussillon,Aude Hauterive
Burgundy,Mâcon-Charnay
Loire Valley,Rosé d'Anjou
Victoria,Pyrenees
Tuscany,Orcia
South Australia,McLaren Vale-Padthaway
Middle and South Dalmatia,Middle and South Dalmatia
Veneto,Valpolicella Valpantena
Steiermark,Steiermark
Canelones,Canelones
California,Napa-Sonoma-Lake
Goumenissa,Goumenissa
Tuscany,Montecarlo
California,Cucamonga Valley
Estremadura,Estremadura
Obidos,Obidos
Northeastern Italy,Rosazzo
California,Napa-Sonoma-Monterey
Ontario,Prince Edward County
Northern Spain,Vino de la Tierra del Bajo Aragón
Central Italy,Forlì
Vinho Licoroso,Vinho Licoroso
Mátra,Mátra
California,Malibu Coast
Burgundy,Mâcon-Péronne
Waipara Valley,Waipara Valley
Lombardy,Terre di Franciacorta
Languedoc-Roussillon,La Clape
Bordeaux,Sainte-Foy Bordeaux
California,El Pomar District
Achaia,Achaia
Cyclades,Cyclades
California,Lake County-Sonoma County
California,Ramona Valley
Bordeaux,Côtes de Castillon
Western Australia,Mount Barker
Mendoza Province,Medrano
Trás-os-Montes,Trás-os-Montes
California,Lime Kiln Valley
Piedmont,Barbera del Monferrato Superiore
Darling,Darling
California,Sonoma County-San Joaquin County
Vale dos Vinhedos,Vale dos Vinhedos
Languedoc-Roussillon,Faugères
California,Santa Cruz County
Southern Italy,Biferno Rosso
Languedoc-Roussillon,Blanquette de Limoux
Tradouw,Tradouw
Languedoc-Roussillon,Gard
Andalucia,Vino de la Tierra Contraviesa Alpujarra
Brazil,Brazil
California,Amador-Napa
Bordeaux,Puisseguin Saint-Émilion
Veneto,Veneto Orientale
Veneto,Colli Asolani Prosecco
California,Sonoma County-Monterey County-Napa County
Burgundy,Vougeot
Victoria,Heathcote
Southern Italy,Rosso di Cerignola
Northwestern Italy,Riviera Ligure di Ponente
Piedmont,Barbera del Monferrato
South Australia,Currency Creek
Burgundy,Charmes-Chambertin
Tuscany,Vin Santo di Montepulciano
Central Spain,Ribera del Júcar
California,Madera
Veneto,Breganze
Tuscany,Chianti Colli Aretini
Santa Cruz,Santa Cruz
Philadelphia,Philadelphia
Victoria,Central Victoria
Burgundy,Maranges
Torres Vedras,Torres Vedras
Veneto,Colli di Conegliano
Southern Italy,Moscato di Trani
Missouri,Augusta
Northern Spain,Vino de Calidad de Tierras de León
Piedmont,Dolcetto d'Asti
Molina,Molina
Itata Valley,Itata Valley
Casablanca-Curicó Valley,Casablanca-Curicó Valley
Southern Italy,Nardò
Northern Spain,Bizkaiko Txakolina
Central Spain,Extremadura
South Australia,Barossa-Adelaide Hills
Southern Italy,Vesuvio
New South Wales,Mudgee
Catalonia,Tarragona
Languedoc-Roussillon,Fitou
Southern Italy,Gravina
Southern Italy,Savuto
Loire Valley,Coteaux du Vendômois
Cederberg,Cederberg
Burgundy,Bourgogne Grand Ordinaire
Kutjevo,Kutjevo
Northern Spain,Arlanza
California,Monterey-Santa Barbara-Sonoma
Michigan,Leelanau Peninsula
Madeira,Madeira
Loire Valley,Coteaux d'Ancenis
Central Italy,Colli di Rimini
Pennsylvania,Pennsylvania
Iowa,Iowa
Bordeaux,Côtes de Bordeaux
Central Italy,San Marino
Patras,Patras
Loire Valley,Coteaux du Layon La Faye
Mendoza Province,San Carlos
Victoria,Gippsland
Messinia,Messinia
Spain Other,Vino de Mesa
Ribatejano,Ribatejano
Central Italy,Conero Riserva
Negev Hills,Negev Hills
Central Italy,Rosso Piceno Superiore
Thessalikos,Thessalikos
Southern Italy,Cilento
Cyprus,Cyprus
Loire Valley,Coteaux du Layon Saint Aubin
California,Mendocino-Solano
Eilandia,Eilandia
Dalmatian Coast,Dalmatian Coast
Groenekloof,Groenekloof
Piedmont,Verduno
Loire Valley,Bonnezeaux
Central Italy,Offida Rosso
Northeastern Italy,Colli Trevigiani
Southern Italy,Paestum
Northern Spain,Vino de la Tierra de Zamora
South Australia,Barossa Valley-Clare Valley
Pitsilia Mountains,Pitsilia Mountains
Germany,Germany
Loire Valley,Saumur-Champigny
California,Hames Valley
Victoria,Murray-Darling
Tuscany,Sangiovese di Toscana
Central Italy,Olevano Romano
California,Trinity County
California,North Yuba
Wairarapa,Wairarapa
Veneto,Prosecco Superiore di Cartizze
Central Italy,Colli di Faenza
Danube Hills Valley,Danube Hills Valley
Catalonia,Catalonia
Virginia,Albemarle County
Rhein-Mosel,Rhein-Mosel
Sliven,Sliven
South Australia,Southern Flinders Ranges
Northern Spain,Vino Tierra de León
Tarnave,Tarnave
France Other,Crémant de Jura
East Coast,East Coast
California,Malibu-Newton Canyon
Victoria,Goulburn Valley
Rhône Valley,Rhône Valley
Veneto,Marca Trevigiana
Rhône Valley,Saint-Péray
Rhône Valley,Beaumes-de-Venise
Peza,Peza
Northern Spain,Ribera del Queiles
South Australia,Riverland
Loire Valley,Quarts de Chaume
Loire Valley,Chaume
Plaiurile Drancei,Plaiurile Drancei
California,California-Washington
Loire Valley,Touraine Mesland
Eger,Eger
Transylvanian Plateau,Transylvanian Plateau
Felso-Magyarország,Felso-Magyarország
North Island,North Island
Central Italy,Colline Teatine
Neszmély,Neszmély
Burgundy,Echézeaux
Moselle Luxembourgeoise,Moselle Luxembourgeoise
Marlborough & Hawkes Bay,Marlborough & Hawkes Bay
Eastern Bays,Eastern Bays
Ohiti Valley,Ohiti Valley
Moutere,Moutere
Loire Valley,Pouilly-sur-Loire
Northern Spain,Vino de la Tierra Ribera del Jiloca
Northeastern Italy,Friuli Aquileia
Loire Valley,Vin de Pays du Jardin de la France
Northeastern Italy,Garda
Central Italy,Montefalco
California,McDowell Valley
Loire Valley,Anjou Villages
Ohio,Ohio
Tuscany,Chianti Colli Pisani
New Zealand,New Zealand
Northeastern Italy,Garda Classico
Ontario,Lake Erie North Shore
Languedoc-Roussillon,Vin de Pays des Coteaux de Bessilles
California,Solano County
Rhône Valley,Côtes du Luberon
Burgundy,Burgundy
Piedmont,Casorzo
California,Jahant
San Jose,San Jose
El Colorado,El Colorado
Colonia,Colonia
Atlantida,Atlantida
Victoria,Grampians
Ontario,Short Hills Bench
Vânju Mare,Vânju Mare
Golan Heights,Golan Heights
Murfatlar,Murfatlar
Dealurile Hușilor,Dealurile Hușilor
Transmontano,Transmontano
Black Sea Coastal,Black Sea Coastal
Curicó and Maipo Valleys,Curicó and Maipo Valleys
Virginia,Virginia's Eastern Shore
Burgundy,Clos de la Roche
Cauquenes Valley,Cauquenes Valley
Letrinon,Letrinon
Languedoc-Roussillon,Vallée du Paradis
Santa Catarina,Santa Catarina
Southern Italy,Gioia del Colle
Central Spain,Finca Élez
Danube River Plains,Danube River Plains
Serra do Sudeste,Serra do Sudeste
France Other,Savoie
Burgundy,Chambertin Clos de Bèze
Southern Italy,Taburno
Piedmont,Dolcetto d'Acqui
Tulbagh,Tulbagh
California,Saddle Rock-Malibu
Loire Valley,Pays de Loire
Podunavlje,Podunavlje
Bordeaux,Canon-Fronsac
Arcadia,Arcadia
France Other,Corse Porto Vecchio
Central Italy,Colli Martani
Southern Italy,Donnici
France Other,Apremont
France Other,Vin de Pays de l'Ile de Beauté
Southern Italy,Penisola Sorrentina
Lesbos,Lesbos
Southern Italy,Martina
Other,Aminga Valley
Burgundy,Mazis-Chambertin
California,Napa County-Sonoma County-Lake County
Burgundy,Hautes Côtes de Nuits
Evia,Evia
Rhône Valley,Côtes-du-Ventoux
California,Santa Barbara-Monterey
Languedoc-Roussillon,Vin de Pays de Hauterive
Burgundy,Petit Chablis
Languedoc-Roussillon,Muscat de Rivesaltes
Lombardy,Lombardy
Monemvasia,Monemvasia
Loire Valley,Cheverny
Washington-Oregon,Washington-Oregon
Northern Cape,Northern Cape
California,Napa-Sonoma-Marin
Ismarikos,Ismarikos
Rhône Valley,Vin Doux Naturel Rasteau
California,Lake County-Mendocino County
France Other,Vin de Pays des Coteaux de L'Ardeche
Loire Valley,Muscadet Coteaux de la Loire
Central Spain,Toledo
Languedoc-Roussillon,Vin de Pays de Montferrand
Northeastern Italy,Del Veneto
Ontario,Niagara Escarpment
Mostar,Mostar
Rhône Valley,Vin de Pays de Vaucluse
Vermont,Vermont
Connecticut,Western Connecticut Highlands
San Antonio de las Minas Valley,San Antonio de las Minas Valley
Central Italy,Colline Teramane
California,Napa Valley-Paso Robles
Languedoc-Roussillon,Côtes du Roussillon Villages Caramany
Central Italy,Lago di Corbara
South Australia,Mount Benson
Central Spain,Madrid
Languedoc-Roussillon,Coteaux du Languedoc-Pézenas
Southern Italy,Galatina
Central Italy,Colli Perugini
California,Sonoma-Santa Barbara-Mendocino
San Vicente,San Vicente
Languedoc-Roussillon,Vin de Pays des Côtes de Thau
Central Italy,Todi
Central Italy,Torgiano Rosso Riserva
California,Mendocino-Lake County-Napa
Rio Claro,Rio Claro
Lombardy,Provincia di Pavia
New South Wales,Hilltops
New South Wales,Western Plains
Maipo Valley-Colchagua Valley,Maipo Valley-Colchagua Valley
Languedoc-Roussillon,Vin de Pays de la Vallée de l’Aude
Colchagua Costa,Colchagua Costa
Szekszárd,Szekszárd
Languedoc-Roussillon,Vin de Pays de Caux
Ohio,Ohio River Valley
California,Mount Harlan
Piedmont,Cortese di Gavi
South Australia,Henty
Levante,Bullas
Rhône Valley,Clairette de Die
Kentucky,Kentucky
Viile Carasului,Viile Carasului
Languedoc-Roussillon,Vin de Pays des Coteaux de Murviel
Southwest France,Vin de Pays des Pyrénees Orientales
Canada Other,Quebec
Canada Other,Canada
Massachusetts,Massachusetts
Zitsa,Zitsa
Burgundy,St.-Véran
South Australia,Southern Fleurieu
Washington,Columbia Valley-Walla Walla Valley
Lakonia,Lakonia
California,Napa-Amador
Central Italy,Civitella d'Agliano
Beotia,Beotia
Table wine,Table wine
Pisatis,Pisatis
Victoria,Geelong
Lombardy,Sebino
Tuscany,Chardonnay di Toscana
Rhône Valley,Crémant de Die
Amindeo,Amindeo
Central Italy,Est! Est!! Est!!! di Montefiascone
Gerania,Gerania
Loire Valley,Blanc Fumé de Pouilly
Southern Italy,Copertino
California,San Diego County
Languedoc-Roussillon,Collioure
Vin de Pays d'Imathia,Vin de Pays d'Imathia
Cahul,Cahul
Languedoc-Roussillon,Vin de Pays de L'Aude
Codru Region,Codru Region
Burgundy,Montrachet
Victoria,Yarra Valley-Heathcote
Burgundy,Côte de Beaune-Villages
Loire Valley,Haut-Poitou
Tuscany,Candia Dei Colli Apuani
Sicily & Sardinia,Moscato di Pantelleria
South Australia,Barossa-Langhorne Creek
Northern Spain,Emporadà-Costa Brava
Southern Italy,Biferno Bianco
Southern Italy,Cirò Classico
Ioannina,Ioannina
Viile Timis,Viile Timis
Egypt,Egypt
Limnos,Limnos
California,California-Oregon
Other,Catamarca
Vino da Tavola della Svizzera Italiana,Vino da Tavola della Svizzera Italiana
Nevada,Nevada
Rose Valley,Rose Valley
Other,Zonda Valley
Ticino,Ticino
Ohio,Isle St. George
Central Italy,Falerio
Piedmont,Fara
Ella Valley,Ella Valley
Champagne,Coteaux Champenois
China,China
Michigan,Lake Michigan Shore
Douro Superior,Douro Superior
Tunisia,Tunisia
Southern Italy,Rosso del Salento
Veneto,Gambellara Classico
Southern Italy,Falanghina del Beneventano
Southwest France,Vin de Pays de Côtes du Tarn
South Australia,McLaren Vale-Langhorne Creek
Languedoc-Roussillon,Vin de Pays des Sables du Golfe du Lion
Southern Italy,Apulia
France Other,Moselle VDQS
Martinborough Terrace,Martinborough Terrace
California,Stanislaus County
Beni M'Tir,Beni M'Tir
Central Spain,Tierra Manchuela
Oregon,Polk County
Omaka Valley,Omaka Valley
South Australia,Langhorne Creek-Limestone Coast
Rhône Valley,Coteaux du Tricastin
Stirling,Stirling
South Styria,South Styria
